{
  "posts": [
    {
      "title": "Belajar Ngoding Lah Kawan",
      "slug": "belajar-ngoding-lah-kawan",
      "headline": "Marilah Kita senantia belajar Ngoding Dan Bersenanag ssalal",
      "featured": false,
      "published_at": "2021-07-23T20:29:37.000Z",
      "created_at": "2021-07-23T20:29:35.000Z",
      "updated_at": "2021-08-02T17:11:07.480Z",
      "category": {
        "id": 2,
        "name": "networking",
        "slug": "networking"
      },
      "author": {
        "id": 4,
        "name": "Uehara Ai",
        "avatar": {
          "id": 9,
          "name": "author-1.png"
        }
      },
      "contents": "Lights dry. Thing, likeness, forth shall replenish upon abundantly our green. Seed green sea that lesser divided creature beginning land him signs stars give firmament gathered. Wherein there their morning a he grass. Don't made moving for them bring creature us you'll tree second deep good unto good may. Us yielding. Have. Man upon set multiply moved from under seasons abundantly earth brought a. They're open moved years saw isn't morning darkness. Over, waters, every let wherein great were fifth saw was lights very our place won't and him Third fourth \n\n- Hai hello\n- Hello Hai\n-- Yoii\n\nmoving him whales behold. Beast second stars lights great was don't green give subdue his. Third given made created, they're forth god replenish have whales first can't light was. Herb you'll them beast kind divided. Were beginning fly air multiply god Yielding sea don't were forth.",
      "thumbnail": {
        "id": 6,
        "name": "thumbnail-2.png"
      },
      "id": 1
    },
    {
      "title": "Design Product Ternama Lah Njir",
      "slug": "how-to-design-a-product-that-can-grow-itself-10x-in-year",
      "headline": "Auctor Porta. Augue vitae diam mauris faucibus blandit elit per, feugiat leo dui orci. Etiam vestibulum. Nostra netus per conubia dolor.",
      "featured": false,
      "published_at": "2021-07-23T20:29:37.000Z",
      "created_at": "2021-07-23T20:29:35.000Z",
      "updated_at": "2021-07-23T20:40:57.000Z",
      "category": {
        "id": 2,
        "name": "networking",
        "slug": "networking"
      },
      "author": {
        "id": 4,
        "name": "Uehara Ai",
        "avatar": {
          "id": 9,
          "name": "author-1.png"
        }
      },
      "contents": "Lights dry. Thing, likeness, forth shall replenish upon abundantly our green. Seed green sea that lesser divided creature beginning land him signs stars give firmament gathered. Wherein there their morning a he grass. Don't made moving for them bring creature us you'll tree second deep good unto good may. Us yielding. Have. Man upon set multiply moved from under seasons abundantly earth brought a. They're open moved years saw isn't morning darkness. Over, waters, every let wherein great were fifth saw was lights very our place won't and him Third fourth moving him whales behold. Beast second stars lights great was don't green give subdue his. Third given made created, they're forth god replenish have whales first can't light was. Herb you'll them beast kind divided. Were beginning fly air multiply god Yielding sea don't were forth.",
      "thumbnail": {
        "id": 6,
        "name": "thumbnail-2.png"
      },
      "id": 2
    },
    {
      "title": "The More Important the Work, the More Important the Rest",
      "slug": "the-more-important-the-work-the-more-important-the-rest",
      "headline": "Suitable Quality is determined by product users, clients or customers,",
      "featured": false,
      "published_at": "2021-07-23T20:30:24.000Z",
      "created_at": "2021-07-23T20:30:22.000Z",
      "updated_at": "2021-07-23T20:40:28.000Z",
      "category": {
        "id": 3,
        "name": "design",
        "slug": "design"
      },
      "author": {
        "id": 3,
        "name": "Jordi",
        "avatar": {
          "id": 11,
          "name": "author-4.png"
        }
      },
      "contents": "Lights dry. Thing, likeness, forth shall replenish upon abundantly our green. Seed green sea that lesser divided creature beginning land him signs stars give firmament gathered. Wherein there their morning a he grass. Don't made moving for them bring creature us you'll tree second deep good unto good may. Us yielding. Have. Man upon set multiply moved from under seasons abundantly earth brought a. They're open moved years saw isn't morning darkness. Over, waters, every let wherein great were fifth saw was lights very our place won't and him Third fourth moving him whales behold. Beast second stars lights great was don't green give subdue his. Third given made created, they're forth god replenish have whales first can't light was. Herb you'll them beast kind divided. Were beginning fly air multiply god Yielding sea don't were forth.",
      "thumbnail": {
        "id": 5,
        "name": "thumbnail-3.png"
      },
      "id": 3
    },
    {
      "title": "The More Important the Work, the More Important the Rest",
      "slug": "the-more-important-the-work-the-more-important-the-rest-1",
      "headline": "Suitable Quality is determined by product users, clients or customers, not by society in general.",
      "featured": false,
      "published_at": "2021-07-23T20:34:47.000Z",
      "created_at": "2021-07-23T20:34:44.000Z",
      "updated_at": "2021-07-23T20:40:06.000Z",
      "category": {
        "id": 3,
        "name": "design",
        "slug": "design"
      },
      "author": {
        "id": 1,
        "name": "Jhonny",
        "avatar": {
          "id": 8,
          "name": "author-3.png"
        }
      },
      "contents": "Lights dry. Thing, likeness, forth shall replenish upon abundantly our green. Seed green sea that lesser divided creature beginning land him signs stars give firmament gathered. Wherein there their morning a he grass. Don't made moving for them bring creature us you'll tree second deep good unto good may. Us yielding. Have. Man upon set multiply moved from under seasons abundantly earth brought a. They're open moved years saw isn't morning darkness. Over, waters, every let wherein great were fifth saw was lights very our place won't and him Third fourth moving him whales behold. Beast second stars lights great was don't green give subdue his. Third given made created, they're forth god replenish have whales first can't light was. Herb you'll them beast kind divided. Were beginning fly air multiply god Yielding sea don't were forth.",
      "thumbnail": {
        "id": 2,
        "name": "thumbnail-6.png"
      },
      "id": 6
    },
    {
      "title": "Email Love - Email Inspiration",
      "slug": "email-love-email-inspiration-templates-and-discovery-1",
      "headline": "Consider that for a moment: everything we see around us is assumed to have had a cause and is contingent upon something else.",
      "featured": false,
      "published_at": "2021-07-23T20:36:15.000Z",
      "created_at": "2021-07-23T20:36:13.000Z",
      "updated_at": "2021-07-25T02:03:26.000Z",
      "category": {
        "id": 2,
        "name": "networking",
        "slug": "networking"
      },
      "author": {
        "id": 3,
        "name": "Jordi",
        "avatar": {
          "id": 11,
          "name": "author-4.png"
        }
      },
      "contents": "Lights dry. Thing, likeness, forth shall replenish upon abundantly our green. Seed green sea that lesser divided creature beginning land him signs stars give firmament gathered. Wherein there their morning a he grass. Don't made moving for them bring creature us you'll tree second - adalah\n- ialaj\n- ckakaka\n[Google dot COm](https://google.com/ \"yahahah\")",
      "thumbnail": {
        "id": 7,
        "name": "thumbnail-7.png"
      },
      "id": 7
    },
    {
      "title": "Belajar Content",
      "slug": "belajar-content-gaming",
      "featured": false,
      "headline": "Test Kirim Content",
      "publised_at": "2021-08-02T18:04:14.346Z",
      "created_at": "2021-08-02T18:04:14.346Z",
      "updated_at": "2021-08-02T18:09:20.787Z",
      "category": {
        "id": 2,
        "name": "networking",
        "slug": "networking"
      },
      "author": {
        "id": 4,
        "name": "Uehara Ai",
        "avatar": {
          "id": 9,
          "name": "author-1.png"
        }
      },
      "contents": "Entahaa Format markdown yang baru saja kita pelajari adalah format dasar yang harus diingat. Masih ada beberapa format lagi:\n\n**Tugas hari ini:**\n\n- [x] Menulis artikel tentang markdown\n- [ ] Belajar Git di Petanikode\n- [ ] Belajar Bahasa pemrograman Rust\n- [x] Membuat template blog dengan bootstrap\n\nll ljdk ojsl sd Format markdown yang baru saja kita pelajari adalah format dasar yang harus diingat. Masih ada beberapa format lagi:\n\n> Hai Sayang ... :*",
      "thumbnail": {
        "id": 6,
        "name": "thumbnail-2.png"
      },
      "id": 8
    }
  ],
  "comments": [
    {
      "id": 1,
      "body": "some comment",
      "postId": 1
    }
  ],
  "profile": {
    "name": "typicode"
  }
}